id,department,satisfaction_score,tenure_years
1,Engineering,4.2,3.5
2,Engineering,3.8,1.2
3,Engineering,4.5,6.7
4,Engineering,4.0,2.3
5,Engineering,3.5,0.8
6,Engineering,4.7,8.1
7,Engineering,4.1,4.4
8,Engineering,3.9,1.9
9,Sales,4.3,5.2
10,Sales,3.6,0.9
11,Sales,4.6,7.3
12,Sales,4.0,2.8
13,Sales,3.4,0.5
14,Sales,4.8,9.6
15,Customer Success,4.4,4.1
16,Customer Success,3.7,1.4
17,Customer Success,4.2,3.8
18,Customer Success,4.9,7.8
19,Customer Success,3.5,0.7
20,Operations,4.1,5.5
21,Operations,3.8,2.1
22,Operations,4.6,8.9
23,Operations,4.3,3.3
24,Operations,3.6,1.1
25,Operations,4.7,6.4
