id,region,product,revenue,date,units_sold
1,North,Enterprise Suite,45000.00,2024-01-15,87
2,South,Starter Pack,12000.00,2024-01-22,34
3,East,Pro Plan,28000.00,2024-02-03,56
4,West,Add-on Services,8500.00,2024-02-14,12
5,North,Pro Plan,33000.00,2024-02-28,67
6,South,Enterprise Suite,41000.00,2024-03-05,82
7,East,Starter Pack,9500.00,2024-03-18,28
8,West,Pro Plan,27000.00,2024-03-25,54
9,North,Add-on Services,6000.00,2024-04-02,9
10,South,Enterprise Suite,38000.00,2024-04-19,76
11,East,Pro Plan,31000.00,2024-04-30,62
12,West,Starter Pack,11000.00,2024-05-07,31
13,North,Enterprise Suite,47000.00,2024-05-15,94
14,South,Add-on Services,7500.00,2024-05-22,11
15,East,Enterprise Suite,42000.00,2024-06-01,84
16,West,Pro Plan,29000.00,2024-06-14,58
17,North,Starter Pack,13000.00,2024-06-25,37
18,South,Pro Plan,35000.00,2024-07-03,70
19,East,Add-on Services,9000.00,2024-07-17,14
20,West,Enterprise Suite,44000.00,2024-07-28,88
21,North,Pro Plan,26000.00,2024-08-05,52
22,South,Starter Pack,10500.00,2024-08-12,30
23,East,Enterprise Suite,39000.00,2024-08-20,78
24,West,Add-on Services,5500.00,2024-08-31,8
25,North,Enterprise Suite,48000.00,2024-09-09,96
26,South,Pro Plan,32000.00,2024-09-16,64
27,East,Starter Pack,8000.00,2024-09-23,23
28,West,Enterprise Suite,40000.00,2024-10-01,80
29,North,Add-on Services,7000.00,2024-10-14,10
30,South,Enterprise Suite,46000.00,2024-10-21,92
